차량기지,역주소,호선,역명,전철역코드,수송비용,유휴공간,교통량
군자차량사업소,중구,1,서울,150,0,0.005824345505,0.9514683302
군자차량사업소,종로구,1,동대문,155,0.5897435897,0.003686163555,0.9043274139
군자차량사업소,종로구,1,종로5가,154,0.4871794872,0.005344160576,0.9043274139
군자차량사업소,종로구,1,동묘앞,159,0.6666666667,0.002290909232,0.9043274139
군자차량사업소,종로구,1,동묘앞,159,0.6666666667,0.002290909232,0.9043274139
군자차량사업소,동대문구,1,신설동,156,0.7564102564,,0.1694387948
군자차량사업소,동대문구,1,신설동,156,0.7564102564,,0.1694387948
군자차량사업소,종로구,1,종로3가,153,0.3717948718,0.01928505512,0.9043274139
군자차량사업소,종로구,1,종로3가,153,0.3717948718,0.01928505512,0.9043274139
군자차량사업소,종로구,1,동대문,155,0.5897435897,0.003686163555,0.9043274139
군자차량사업소,종로구,1,종로3가,153,0.3717948718,0.01928505512,0.9043274139
군자차량사업소,동대문구,1,제기동,157,0.8717948718,,0.1694387948
군자차량사업소,동대문구,1,청량리,158,1,,0.1694387948
군자차량사업소,중구,1,시청,151,0.141025641,0.02243408459,0.9514683302
군자차량사업소,중구,1,시청,151,0.141025641,0.02243408459,0.9514683302
군자차량사업소,용산구,1,서울,150,0,0.005824345505,0.9514683302
군자차량사업소,종로구,1,종각,152,0.2692307692,0.03647205155,0.9043274139
신정차량사업소,동작구,2,사당,226,0.4485049834,0.06513430294,0
신정차량사업소,관악구,2,낙성대,227,0.476744186,0.02217651909,0.842507215
신정차량사업소,동작구,2,사당,226,0.4485049834,0.06513430294,0
신정차량사업소,서초구,2,방배,225,0.4219269103,0.01579433071,0.4932431889
신정차량사업소,관악구,2,서울대입구,228,0.4933554817,0.009047150018,0.842507215
신정차량사업소,관악구,2,봉천,229,0.5099667774,0.005878706063,0.842507215
신정차량사업소,서초구,2,서초,224,0.3936877076,0.02393935433,0.4932431889
신정차량사업소,서초구,2,교대,223,0.3820598007,0.0247508798,0.4932431889
신정차량사업소,관악구,2,신림,230,0.5282392027,0.008542373408,0.842507215
신정차량사업소,강남구,2,강남,222,0.3621262458,0.0237141463,0.5360912592
신정차량사업소,강남구,2,역삼,221,0.3488372093,0.08888210101,0.5360912592
신정차량사업소,강남구,2,선릉,220,0.3289036545,0.0405633307,0.5360912592
신정차량사업소,강남구,2,삼성,219,0.3073089701,,0.5360912592
신정차량사업소,송파구,2,종합운동장,218,0.2906976744,0.03513633499,0.6796041578
신정차량사업소,송파구,2,종합운동장,218,0.2906976744,0.03513633499,0.6796041578
신정차량사업소,송파구,2,잠실,216,0.2508305648,0.07368185354,0.6796041578
신정차량사업소,송파구,2,잠실,216,0.2508305648,0.07368185354,0.6796041578
신정차량사업소,송파구,2,잠실나루,215,0.2342192691,0.0509254885,0.6796041578
신정차량사업소,광진구,2,강변,214,0.2043189369,0.01003081726,0.6518132049
신정차량사업소,광진구,2,구의,213,0.1893687708,0.01724135699,0.6518132049
신정차량사업소,서초구,2,교대,223,0.3820598007,0.0247508798,0.4932431889
신정차량사업소,동작구,2,신대방,231,0.5581395349,0.03792296073,0
신정차량사업소,영등포구,2,영등포구청,236,0.6594684385,0.02167691967,0.6840979798
신정차량사업소,구로구,2,대림,233,0.5946843854,0.02103494737,1
신정차량사업소,강서구,2,까치산,200,1,,
신정차량사업소,양천구,2,신정네거리,249,0.976744186,0.00549429926,0.5489778364
신정차량사업소,양천구,2,양천구청,248,0.9451827243,0.005808813917,0.5489778364
신정차량사업소,구로구,2,도림천,247,0.9169435216,,1
신정차량사업소,동대문구,2,용두,250,0.8803986711,,0.1694387948
신정차량사업소,성동구,2,신답,245,0.865448505,,0.6102433417
신정차량사업소,성동구,2,용답,244,0.8488372093,,0.6102433417
신정차량사업소,서대문구,2,충정로,243,0.792358804,0.007910755495,0.7768523952
신정차량사업소,서대문구,2,충정로,243,0.792358804,0.007910755495,0.7768523952
신정차량사업소,마포구,2,아현,242,0.7790697674,0.01833115675,0.1461738201
신정차량사업소,마포구,2,이대,241,0.7641196013,0.01680000104,0.1461738201
신정차량사업소,마포구,2,신촌,240,0.7508305648,0.02754785994,0.1461738201
신정차량사업소,마포구,2,홍대입구,239,0.7292358804,0.02740289845,0.1461738201
신정차량사업소,마포구,2,합정,238,0.7109634551,0.05063685982,0.1461738201
신정차량사업소,마포구,2,합정,238,0.7109634551,0.05063685982,0.1461738201
신정차량사업소,영등포구,2,당산,237,0.6777408638,0.02340351454,0.6840979798
신정차량사업소,광진구,2,건대입구,212,0.1627906977,0.03909300703,0.6518132049
신정차량사업소,영등포구,2,영등포구청,236,0.6594684385,0.02167691967,0.6840979798
신정차량사업소,영등포구,2,문래,235,0.6445182724,0.0136056711,0.6840979798
신정차량사업소,구로구,2,신도림,234,0.6245847176,0.05236474899,1
신정차량사업소,영등포구,2,대림,233,0.5946843854,0.02103494737,1
신정차량사업소,구로구,2,구로디지털단지,232,0.5764119601,0.03151100348,1
신정차량사업소,광진구,2,건대입구,212,0.1627906977,0.03909300703,0.6518132049
신정차량사업소,송파구,2,잠실새내,217,0.2707641196,0.008222681555,0.6796041578
신정차량사업소,성동구,2,뚝섬,210,0.1295681063,0.01366650315,0.6102433417
신정차량사업소,중구,2,시청,201,0,,0.9514683302
신정차량사업소,중구,2,동대문역사문화공원,205,0.05149501661,0.029669216,0.9514683302
신정차량사업소,중구,2,시청,201,0,,0.9514683302
신정차량사업소,중구,2,시청,201,0.8106312292,,0.9514683302
신정차량사업소,중구,2,을지로4가,204,0.03488372093,0.02090810607,0.9514683302
신정차량사업소,중구,2,을지로4가,204,0.03488372093,0.02090810607,0.9514683302
신정차량사업소,중구,2,시청,201,0.8106312292,,0.9514683302
신정차량사업소,중구,2,신당,206,0.06644518272,0.003341880021,0.9514683302
신정차량사업소,중구,2,신당,206,0.06644518272,0.003341880021,0.9514683302
신정차량사업소,중구,2,을지로3가,203,0.02491694352,0.02151901519,0.9514683302
신정차량사업소,중구,2,동대문역사문화공원,205,0.05149501661,0.029669216,0.9514683302
신정차량사업소,중구,2,동대문역사문화공원,205,0.05149501661,0.029669216,0.9514683302
신정차량사업소,중구,2,을지로3가,203,0.02491694352,0.02151901519,0.9514683302
신정차량사업소,중구,2,을지로입구,202,0.01162790698,0.09349368835,0.9514683302
신정차량사업소,동대문구,2,신설동,246,0.9003322259,,0.1694387948
신정차량사업소,성동구,2,상왕십리,207,0.08139534884,0.01263235825,0.6102433417
신정차량사업소,성동구,2,왕십리,208,0.09468438538,0.02711815267,0.6102433417
신정차량사업소,성동구,2,왕십리,208,0.09468438538,0.02711815267,0.6102433417
신정차량사업소,동대문구,2,신설동,246,0.9003322259,,0.1694387948
신정차량사업소,성동구,2,성수,211,0.1428571429,0.02226712002,0.6102433417
신정차량사업소,성동구,2,한양대,209,0.1112956811,0.02444154234,0.6102433417
지축차량사업소,종로구,3,종로3가,319,0.7457627119,0.05731155977,0.9043274139
지축차량사업소,종로구,3,종로3가,319,0.7457627119,0.05731155977,0.9043274139
지축차량사업소,종로구,3,종로3가,319,0.7457627119,0.05731155977,0.9043274139
수서차량사업소,서초구,3,잠원,328,0.8695652174,,0.4932431889
수서차량사업소,서초구,3,고속터미널,329,0.8043478261,1,0.4932431889
수서차량사업소,서초구,3,고속터미널,329,0.8043478261,1,0.4932431889
지축차량사업소,은평구,3,구파발,310,0.08474576271,,0.837362231
수서차량사업소,서초구,3,남부터미널,331,0.6684782609,,0.4932431889
지축차량사업소,중구,3,약수,323,0.9096045198,0.004386379315,0.9514683302
지축차량사업소,중구,3,충무로,321,0.8192090395,,0.9514683302
지축차량사업소,중구,3,충무로,321,0.8192090395,,0.9514683302
지축차량사업소,종로구,3,안국,318,0.6892655367,0.02704567193,0.9043274139
지축차량사업소,종로구,3,경복궁,317,0.6271186441,0.003300462453,0.9043274139
지축차량사업소,서대문구,3,독립문,316,0.5367231638,,0.7768523952
지축차량사업소,서대문구,3,무악재,315,0.4745762712,,0.7768523952
지축차량사업소,서대문구,3,홍제,314,0.4237288136,0.1865033089,0.7768523952
지축차량사업소,은평구,3,녹번,313,0.3333333333,0.02311229726,0.837362231
지축차량사업소,성동구,3,금호,324,0.9548022599,0.018535656,0.6102433417
지축차량사업소,성동구,3,옥수,325,1,0.08117066756,0.6102433417
지축차량사업소,은평구,3,불광,312,0.2711864407,0.02768893853,0.837362231
지축차량사업소,은평구,3,불광,312,0.2711864407,0.02768893853,0.837362231
수서차량사업소,강남구,3,압구정,326,1,0.01523131065,0.5360912592
수서차량사업소,강남구,3,신사,327,0.9184782609,0.04464813835,0.5360912592
지축차량사업소,은평구,3,연신내,311,0.197740113,0.0168414186,0.837362231
지축차량사업소,은평구,3,연신내,311,0.197740113,0.0168414186,0.837362231
지축차량사업소,고양시,3,지축,309,0,,
수서차량사업소,서초구,3,양재,332,0.5706521739,0.03468462463,0.4932431889
수서차량사업소,강남구,3,대치,335,0.4184782609,,0.5360912592
지축차량사업소,중구,3,동대입구,322,0.8700564972,0.03093504043,0.9514683302
수서차량사업소,서초구,3,교대,330,0.7173913043,0.1036824101,0.4932431889
수서차량사업소,서초구,3,교대,330,0.7173913043,0.1036824101,0.4932431889
수서차량사업소,송파구,3,가락시장,340,0.08695652174,0.002718027902,0.6796041578
수서차량사업소,송파구,3,가락시장,340,0.08695652174,0.002718027902,0.6796041578
수서차량사업소,강남구,3,수서,339,0.1630434783,0.02911137313,0.5360912592
수서차량사업소,강남구,3,일원,338,0.2608695652,0.1317829357,0.5360912592
지축차량사업소,중구,3,약수,323,0.9096045198,0.004386379315,0.9514683302
수서차량사업소,송파구,3,경찰병원,341,0.04347826087,0.01221818257,0.6796041578
지축차량사업소,중구,3,을지로3가,320,0.7796610169,0.007325732347,0.9514683302
지축차량사업소,중구,3,을지로3가,320,0.7796610169,0.007325732347,0.9514683302
수서차량사업소,강남구,3,학여울,336,0.375,,0.5360912592
수서차량사업소,강남구,3,도곡,334,0.4619565217,0.01272554778,0.5360912592
수서차량사업소,송파구,3,오금,342,0,,0.6796041578
수서차량사업소,송파구,3,오금,342,0,,0.6796041578
수서차량사업소,강남구,3,매봉,333,0.5054347826,0.00869510069,0.5360912592
수서차량사업소,강남구,3,대청,337,0.3260869565,0.006421017345,0.5360912592
창동차량사업소,도봉구,4,쌍문,413,0.1545741325,0.002614483982,0.8934023619
창동차량사업소,노원구,4,노원,411,0.06940063091,0.005799753824,0.6811878482
창동차량사업소,도봉구,4,창동,412,0.1135646688,0.01197226576,0.8934023619
창동차량사업소,노원구,4,노원,411,0.06940063091,0.005799753824,0.6811878482
창동차량사업소,노원구,4,상계,410,0.03785488959,0.05010360864,0.6811878482
창동차량사업소,노원구,4,당고개,409,0,0.06068062007,0.6811878482
창동차량사업소,강북구,4,수유,414,0.2018927445,0.01531414578,
창동차량사업소,용산구,4,숙대입구,427,0.6529968454,0.004465331554,0.5956364104
창동차량사업소,강북구,4,미아사거리,416,0.2933753943,,
창동차량사업소,용산구,4,삼각지,428,0.690851735,,0.5956364104
창동차량사업소,성북구,4,한성대입구,419,0.4100946372,,0.6474721246
창동차량사업소,서초구,4,남태령,434,1,,0.4932431889
창동차량사업소,동작구,4,총신대입구,432,0.8958990536,0.04607057295,0
창동차량사업소,종로구,4,혜화,420,0.4384858044,0.004848444058,0.9043274139
창동차량사업소,중구,4,명동,424,0.570977918,0.003365177403,0.9514683302
창동차량사업소,중구,4,회현,425,0.5930599369,0.01708474682,0.9514683302
창동차량사업소,동작구,4,동작,431,0.8391167192,0.006050847831,0
창동차량사업소,용산구,4,이촌,430,0.7539432177,0.005345454875,0.5956364104
창동차량사업소,용산구,4,신용산,429,0.7129337539,0.02530483977,0.5956364104
창동차량사업소,용산구,4,삼각지,428,0.690851735,,0.5956364104
창동차량사업소,강북구,4,미아,415,0.2460567823,0.01709510121,
창동차량사업소,성북구,4,길음,417,0.334384858,0.01553676521,0.6474721246
창동차량사업소,성북구,4,성신여대입구,418,0.3785488959,0.01767494716,0.6474721246
창동차량사업소,중구,4,충무로,423,0.5488958991,0.03554145057,0.9514683302
창동차량사업소,동작구,4,사당,433,0.9305993691,0.2942524064,0
창동차량사업소,동작구,4,사당,433,0.9305993691,0.2942524064,0
창동차량사업소,중구,4,동대문역사문화공원,422,0.5078864353,0.02857423905,0.9514683302
창동차량사업소,중구,4,동대문역사문화공원,422,0.5078864353,0.02857423905,0.9514683302
창동차량사업소,중구,4,서울,426,0.6214511041,,0.5956364104
창동차량사업소,종로구,4,동대문,421,0.4858044164,0.0367956263,0.9043274139
창동차량사업소,종로구,4,동대문,421,0.4858044164,0.0367956263,0.9043274139
창동차량사업소,중구,4,동대문역사문화공원,422,0.5078864353,0.02857423905,0.9514683302
창동차량사업소,용산구,4,서울,426,0.6214511041,,0.5956364104
창동차량사업소,중구,4,충무로,423,0.5488958991,0.03554145057,0.9514683302
방화차량사업소,강서구,5,화곡,2518,0.2575250836,0.03858823042,0.6317879623
방화차량사업소,중구,5,청구,2538,0.9397993311,0.01840752039,0.9514683302
방화차량사업소,종로구,5,광화문,2534,0.8060200669,0.1268853083,0.9043274139
방화차량사업소,종로구,5,서대문,2533,0.7692307692,0.02239654992,0.9043274139
방화차량사업소,마포구,5,애오개,2531,0.7157190635,0.004167642784,0.1461738201
방화차량사업소,마포구,5,공덕,2530,0.6789297659,0.140818437,0.1461738201
방화차량사업소,마포구,5,공덕,2530,0.6789297659,0.140818437,0.1461738201
방화차량사업소,마포구,5,마포,2529,0.652173913,0.02162255911,0.1461738201
방화차량사업소,강서구,5,송정,2514,0.110367893,0.0270870895,0.6317879623
방화차량사업소,영등포구,5,여의나루,2528,0.5919732441,0.008833590683,0.6840979798
방화차량사업소,영등포구,5,여의도,2527,0.5585284281,0.01961898426,0.6840979798
방화차량사업소,강서구,5,마곡,2515,0.1471571906,,0.6317879623
방화차량사업소,영등포구,5,신길,2526,0.525083612,0.009060093008,0.6840979798
방화차량사업소,강서구,5,발산,2516,0.1872909699,0.02230853758,0.6317879623
방화차량사업소,영등포구,5,영등포시장,2525,0.4882943144,0.004827735274,0.6840979798
방화차량사업소,영등포구,5,양평,2523,0.4314381271,,0.6840979798
방화차량사업소,양천구,5,오목교,2522,0.397993311,0.2755018968,0.5489778364
방화차량사업소,양천구,5,목동,2521,0.3678929766,0.02030625703,0.5489778364
방화차량사업소,강서구,5,우장산,2517,0.2240802676,0.02020141881,0.6317879623
방화차량사업소,양천구,5,신정,2520,0.3411371237,0.008634268637,0.5489778364
방화차량사업소,중구,5,청구,2538,0.9397993311,0.01840752039,0.9514683302
방화차량사업소,성동구,5,행당,2540,1,0.02046027861,0.6102433417
고덕차량사업소,성동구,5,마장,2542,0.975862069,0.003882897004,0.6102433417
고덕차량사업소,송파구,5,마천,2561,0,0.003882897004,0.6796041578
고덕차량사업소,송파구,5,거여,2560,0.03103448276,0.003750878505,0.6796041578
고덕차량사업소,송파구,5,방이,2557,0.124137931,0.007219599829,0.6796041578
고덕차량사업소,송파구,5,올림픽공원,2556,0.1517241379,0.004814792284,0.6796041578
고덕차량사업소,송파구,5,올림픽공원,2556,0.1517241379,0.004814792284,0.6796041578
고덕차량사업소,강동구,5,둔촌동,2555,0.2,0.01966169613,0.4074586191
고덕차량사업소,강동구,5,강일,2562,0.4724137931,,0.4074586191
고덕차량사업소,강동구,5,상일동,2554,0.5,0.008701572185,0.4074586191
고덕차량사업소,강동구,5,고덕,2553,0.5379310345,0.01348918419,0.4074586191
고덕차량사업소,강동구,5,명일,2552,0.5793103448,0.01670810581,0.4074586191
고덕차량사업소,강동구,5,굽은다리,2551,0.6068965517,0.01764906118,0.4074586191
고덕차량사업소,강동구,5,길동,2550,0.6344827586,0.004118459422,0.4074586191
고덕차량사업소,강동구,5,강동,2549,0.6655172414,0.0658254586,0.4074586191
고덕차량사업소,강동구,5,천호,2548,0.6931034483,0.2440620798,0.4074586191
고덕차량사업소,강동구,5,천호,2548,0.6931034483,0.2440620798,0.4074586191
고덕차량사업소,광진구,5,광나루,2547,0.7620689655,0.02307993979,0.6518132049
고덕차량사업소,광진구,5,아차산,2546,0.8137931034,0.02481430045,0.6518132049
고덕차량사업소,광진구,5,군자,2545,0.8482758621,0.02372061779,0.6518132049
고덕차량사업소,광진구,5,군자,2545,0.8482758621,0.02372061779,0.6518132049
고덕차량사업소,동대문구,5,장한평,2544,0.9,0.02356918481,0.1694387948
고덕차량사업소,성동구,5,답십리,2543,0.9413793103,0.03883155863,0.6102433417
방화차량사업소,성동구,5,신금호,2539,0.9698996656,0.008107488943,0.6102433417
방화차량사업소,강서구,5,김포공항,2513,0.07023411371,0.07398471951,0.6317879623
고덕차량사업소,송파구,5,개롱,2559,0.06206896552,0.005177196005,0.6796041578
방화차량사업소,강서구,5,방화,2511,0,0.01167198839,0.6317879623
방화차량사업소,서대문구,5,충정로,2532,0.745819398,0.02612801394,0.7768523952
방화차량사업소,영등포구,5,영등포구청,2524,0.4581939799,0.04821652069,0.6840979798
방화차량사업소,영등포구,5,영등포구청,2524,0.4581939799,0.04821652069,0.6840979798
고덕차량사업소,송파구,5,오금,2558,0.09310344828,0.003543790665,0.6796041578
고덕차량사업소,송파구,5,오금,2558,0.09310344828,0.003543790665,0.6796041578
방화차량사업소,서대문구,5,충정로,2532,0.745819398,0.02612801394,0.7768523952
고덕차량사업소,성동구,5,왕십리,2541,1,0.1040836428,0.6102433417
고덕차량사업소,성동구,5,왕십리,2541,1,0.1040836428,0.6102433417
방화차량사업소,중구,5,동대문역사문화공원,2537,0.9096989967,,0.9514683302
방화차량사업소,중구,5,동대문역사문화공원,2537,0.9096989967,,0.9514683302
방화차량사업소,중구,5,동대문역사문화공원,2537,0.9096989967,,0.9514683302
방화차량사업소,강서구,5,까치산,2519,0.2976588629,0.03169738254,0.6317879623
방화차량사업소,중구,5,을지로4가,2536,0.8795986622,0.02382804461,0.9514683302
방화차량사업소,중구,5,을지로4가,2536,0.8795986622,0.02382804461,0.9514683302
방화차량사업소,종로구,5,종로3가,2535,0.8461538462,0.015293437,0.9043274139
방화차량사업소,종로구,5,종로3가,2535,0.8461538462,0.015293437,0.9043274139
방화차량사업소,종로구,5,종로3가,2535,0.8461538462,0.015293437,0.9043274139
방화차량사업소,강서구,5,개화산,2512,0.03010033445,0.003882897004,0.6317879623
신내차량사업소,은평구,6,증산,2618,0.2307692308,0.02239137272,0.837362231
신내차량사업소,은평구,6,새절,2617,0.206043956,0.01614508574,0.837362231
신내차량사업소,은평구,6,구산,2616,0.1401098901,0.01245115639,0.837362231
신내차량사업소,은평구,6,독바위,2614,0.07692307692,0.01505269738,0.837362231
신내차량사업소,은평구,6,역촌,2612,0.03021978022,0.02297380727,0.837362231
신내차량사업소,중랑구,6,봉화산,2648,0.9642857143,0.01384899931,0.5856519258
신내차량사업소,은평구,6,응암,2611,0.1813186813,0.02581349928,0.837362231
신내차량사업소,은평구,6,응암,2611,0,0.02581349928,0.837362231
신내차량사업소,중구,6,약수,2634,0.6373626374,0.009966102309,0.9514683302
신내차량사업소,중구,6,약수,2634,0.6373626374,0.009966102309,0.9514683302
신내차량사업소,은평구,6,불광,2613,0.0521978022,0.009448382709,0.837362231
신내차량사업소,은평구,6,불광,2613,0.0521978022,0.009448382709,0.837362231
신내차량사업소,은평구,6,연신내,2615,0.1153846154,0.01069090975,0.837362231
신내차량사업소,중랑구,6,신내,2649,1,,0.5856519258
신내차량사업소,은평구,6,디지털미디어시티,2619,0.260989011,0.09019840309,0.837362231
신내차량사업소,마포구,6,월드컵경기장,2620,0.282967033,0.005565485705,0.1461738201
신내차량사업소,마포구,6,상수,2624,0.3763736264,0.02705084912,0.1461738201
신내차량사업소,마포구,6,망원,2622,0.3324175824,0.02474311401,0.1461738201
신내차량사업소,성북구,6,상월곡,2643,0.8489010989,0.01726594868,0.6474721246
신내차량사업소,노원구,6,석계,2645,0.8983516484,0.05134484138,0.6811878482
신내차량사업소,성북구,6,월곡,2642,0.8269230769,0.02560511714,0.6474721246
신내차량사업소,성북구,6,고려대,2641,0.7884615385,0.02567889218,0.6474721246
신내차량사업소,성북구,6,안암,2640,0.7664835165,0.0244868428,0.6474721246
신내차량사업소,성북구,6,보문,2639,0.7417582418,0.0141208021,0.6474721246
신내차량사업소,종로구,6,창신,2638,0.7197802198,0.003624037203,0.9043274139
신내차량사업소,마포구,6,마포구청,2621,0.3049450549,0.03618601148,0.1461738201
신내차량사업소,중구,6,버티고개,2633,0.6181318681,0.003365177403,0.9514683302
신내차량사업소,용산구,6,한강진,2632,0.5906593407,0.02976887703,0.5956364104
신내차량사업소,용산구,6,이태원,2631,0.5631868132,0.01009553221,0.5956364104
신내차량사업소,노원구,6,화랑대,2647,0.9450549451,0.03101140407,0.6811878482
신내차량사업소,용산구,6,효창공원앞,2628,0.478021978,0.03028659663,0.5956364104
신내차량사업소,마포구,6,대흥,2626,0.4285714286,0.01445343695,0.1461738201
신내차량사업소,마포구,6,광흥창,2625,0.4010989011,0.04530046504,0.1461738201
신내차량사업소,성북구,6,돌곶이,2644,0.8708791209,0.03051957045,0.6474721246
신내차량사업소,노원구,6,태릉입구,2646,0.9203296703,0.05433078917,0.6811878482
신내차량사업소,용산구,6,녹사평,2630,0.5412087912,0.005177196005,0.5956364104
신내차량사업소,노원구,6,태릉입구,2646,0.9203296703,0.05433078917,0.6811878482
신내차량사업소,중구,6,청구,2635,0.6593406593,,0.9514683302
신내차량사업소,마포구,6,공덕,2627,0.4532967033,0.08671803308,0.1461738201
신내차량사업소,마포구,6,공덕,2627,0.4532967033,0.08671803308,0.1461738201
신내차량사업소,은평구,6,연신내,2615,0.1153846154,0.01069090975,0.837362231
신내차량사업소,중구,6,신당,2636,0.6785714286,0.04856727572,0.9514683302
신내차량사업소,종로구,6,동묘앞,2637,0.6950549451,0.01902619532,0.9043274139
신내차량사업소,종로구,6,동묘앞,2637,0.6950549451,0.01902619532,0.9043274139
신내차량사업소,중구,6,신당,2636,0.6785714286,0.04856727572,0.9514683302
신내차량사업소,용산구,6,삼각지,2629,0.510989011,0.04866564244,0.5956364104
신내차량사업소,마포구,6,합정,2623,0.3543956044,0.08528524409,0.1461738201
신내차량사업소,마포구,6,합정,2623,0.3543956044,0.08528524409,0.1461738201
신내차량사업소,용산구,6,삼각지,2629,0.510989011,0.04866564244,0.5956364104
신내차량사업소,중구,6,청구,2635,0.6593406593,,0.9514683302
도봉차량사업소,중랑구,7,면목,2723,0.5800865801,0.08686040597,0.5856519258
도봉차량사업소,중랑구,7,사가정,2724,0.619047619,0.07743402634,0.5856519258
도봉차량사업소,중랑구,7,중화,2721,0.5021645022,0.07459433434,0.5856519258
도봉차량사업소,중랑구,7,용마산,2725,0.6536796537,0.04320370066,0.5856519258
도봉차량사업소,광진구,7,중곡,2726,0.6926406926,0.0183984603,0.6518132049
도봉차량사업소,광진구,7,어린이대공원,2728,0.7878787879,0.05781504208,0.6518132049
도봉차량사업소,중랑구,7,먹골,2720,0.4632034632,0.0377132843,0.5856519258
도봉차량사업소,노원구,7,공릉,2718,0.3896103896,0.0269485995,0.6811878482
도봉차량사업소,노원구,7,하계,2717,0.3333333333,0.05052684441,0.6811878482
도봉차량사업소,광진구,7,뚝섬유원지,2730,0.8658008658,0.003868659715,0.6518132049
도봉차량사업소,중랑구,7,상봉,2722,0.5454545455,0.05249288459,0.5856519258
천왕차량사업소,서초구,7,고속터미널,2736,0.8777292576,0.2500986903,0.4932431889
도봉차량사업소,노원구,7,중계,2716,0.29004329,0.04026693623,0.6811878482
천왕차량사업소,구로구,7,온수,2752,0,0.01843211208,1
천왕차량사업소,구로구,7,천왕,2751,0.06550218341,0.121317234,1
천왕차량사업소,금천구,7,가산디지털단지,2748,0.2576419214,0.02339704304,0.7855104387
천왕차량사업소,구로구,7,남구로,2747,0.2925764192,0.03103858435,1
천왕차량사업소,영등포구,7,신풍,2745,0.4017467249,0.03880567265,0.6840979798
천왕차량사업소,동작구,7,보라매,2744,0.4410480349,0.01767753576,0
도봉차량사업소,강남구,7,청담,2731,0.9523809524,0.08879926587,0.5360912592
천왕차량사업소,동작구,7,신대방삼거리,2743,0.4759825328,0.0554671837,0
천왕차량사업소,동작구,7,상도,2741,0.5676855895,0.03206884635,0
천왕차량사업소,동작구,7,숭실대입구,2740,0.6069868996,0.03028789093,0
천왕차량사업소,동작구,7,남성,2739,0.6943231441,0.01426964649,0
천왕차량사업소,동작구,7,이수,2738,0.7379912664,0.152908484,0
천왕차량사업소,서초구,7,내방,2737,0.7816593886,0.02950872293,0.4932431889
천왕차량사업소,강남구,7,논현,2734,0.9563318777,0.07552364102,0.5360912592
천왕차량사업소,강남구,7,학동,2733,1,0.07012123699,0.5360912592
도봉차량사업소,강남구,7,강남구청,2732,1,0.1520413037,0.5360912592
천왕차량사업소,동작구,7,장승배기,2742,0.5283842795,0.009280123839,0
도봉차량사업소,노원구,7,마들,2714,0.1904761905,0.1103791131,0.6811878482
천왕차량사업소,서초구,7,반포,2735,0.9170305677,0.2340817402,0.4932431889
도봉차량사업소,도봉구,7,도봉산,2712,0.06060606061,0.01527272821,0.8934023619
도봉차량사업소,광진구,7,군자,2727,0.7402597403,0.06239944915,0.6518132049
천왕차량사업소,구로구,7,대림,2746,0.3406113537,0.05254595085,0.6840979798
천왕차량사업소,영등포구,7,대림,2746,0.3406113537,0.05254595085,0.6840979798
천왕차량사업소,서초구,7,고속터미널,2736,0.8777292576,0.2500986903,0.4932431889
도봉차량사업소,노원구,7,수락산,2713,0.1298701299,0.04800166706,0.6811878482
도봉차량사업소,광진구,7,건대입구,2729,0.8225108225,0.1518212728,0.6518132049
도봉차량사업소,광진구,7,건대입구,2729,0.8225108225,0.1518212728,0.6518132049
도봉차량사업소,노원구,7,노원,2715,0.2424242424,0.09841202456,0.6811878482
도봉차량사업소,광진구,7,군자,2727,0.7402597403,0.06239944915,0.6518132049
도봉차량사업소,노원구,7,노원,2715,0.2424242424,0.09841202456,0.6811878482
도봉차량사업소,노원구,7,태릉입구,2719,0.4242424242,0.01527272821,0.6811878482
도봉차량사업소,노원구,7,태릉입구,2719,0.4242424242,0.01527272821,0.6811878482
도봉차량사업소,노원구,7,태릉입구,2719,0.4242424242,0.03483476332,0.6811878482
도봉차량사업소,노원구,7,태릉입구,2719,0.4242424242,0.03483476332,0.6811878482
모란차량사업소,송파구,8,석촌,2816,0.3276836158,0.008801233208,0.6796041578
모란차량사업소,송파구,8,몽촌토성,2814,0.2146892655,0.004659476404,0.6796041578
모란차량사업소,강동구,8,강동구청,2813,0.1242937853,0.01955685791,0.4074586191
모란차량사업소,송파구,8,석촌,2816,0.3276836158,0.008801233208,0.6796041578
모란차량사업소,송파구,8,문정,2819,0.4745762712,0.003882897004,0.6796041578
모란차량사업소,송파구,8,복정,2821,0.5762711864,0.006471495006,0.6796041578
모란차량사업소,송파구,8,장지,2820,0.5254237288,0.04376024923,0.6796041578
모란차량사업소,강동구,8,암사,2811,0,0.02192154218,0.4074586191
모란차량사업소,송파구,8,송파,2817,0.3785310734,0.006480555099,0.6796041578
모란차량사업소,송파구,8,잠실,2815,0.2598870056,0.269174069,0.6796041578
모란차량사업소,강동구,8,천호,2812,0.07344632768,,0.4074586191
모란차량사업소,강동구,8,천호,2812,0.07344632768,,0.4074586191
모란차량사업소,송파구,8,가락시장,2818,0.4237288136,0.02071525551,0.6796041578
모란차량사업소,송파구,8,가락시장,2818,0.4237288136,0.02071525551,0.6796041578
모란차량사업소,송파구,8,잠실,2815,0.2598870056,0.269174069,0.6796041578
김포차량사업소,영등포구,9,국회의사당,4114,0.39408867,,
김포차량사업소,영등포구,9,샛강,4116,0.4359605911,,
김포차량사업소,동작구,9,노량진,4117,0.4655172414,,
김포차량사업소,동작구,9,노들,4118,0.4926108374,,
김포차량사업소,동작구,9,흑석,4119,0.5197044335,,
김포차량사업소,서초구,9,구반포,4121,0.578817734,,
김포차량사업소,서초구,9,신반포,4122,0.5960591133,,
김포차량사업소,서초구,9,사평,4124,0.6428571429,,
김포차량사업소,서초구,9,신논현,4125,0.6650246305,,
김포차량사업소,송파구,9,올림픽공원,4136,0.9334975369,,0.6796041578
김포차량사업소,영등포구,9,선유도,4112,0.3325123153,,
김포차량사업소,강남구,9,선정릉,4127,0.7068965517,,0.5360912592
김포차량사업소,강남구,9,삼성중앙,4128,0.7266009852,,0.5360912592
김포차량사업소,강남구,9,봉은사,4129,0.7463054187,,0.5360912592
김포차량사업소,송파구,9,삼전,4131,0.815270936,,0.6796041578
김포차량사업소,송파구,9,석촌고분,4132,0.8349753695,,0.6796041578
김포차량사업소,송파구,9,송파나루,4134,0.8793103448,,0.6796041578
김포차량사업소,송파구,9,한성백제,4135,0.8990147783,,0.6796041578
김포차량사업소,강남구,9,언주,4126,0.684729064,,0.5360912592
김포차량사업소,양천구,9,신목동,4111,0.302955665,,
김포차량사업소,강서구,9,가양,4107,0.2167487685,,
김포차량사업소,강서구,9,등촌,4109,0.2586206897,,
김포차량사업소,서초구,9,고속터미널,4123,0.6157635468,,
김포차량사업소,서초구,9,고속터미널,4123,0.6157635468,,
김포차량사업소,영등포구,9,당산,4113,0.3571428571,,
김포차량사업소,송파구,9,석촌,4133,0.8596059113,,0.6796041578
김포차량사업소,송파구,9,석촌,4133,0.8596059113,,0.6796041578
김포차량사업소,송파구,9,종합운동장,4130,0.7807881773,,0.6796041578
김포차량사업소,송파구,9,종합운동장,4130,0.7807881773,,0.6796041578
김포차량사업소,영등포구,9,여의도,4115,0.4162561576,,
김포차량사업소,강서구,9,염창,4110,0.2807881773,,
김포차량사업소,강동구,9,둔촌오륜,4137,0.9581280788,,0.4074586191
김포차량사업소,강서구,9,김포공항,4102,0.08866995074,,
김포차량사업소,강서구,9,개화,4101,0,,
김포차량사업소,강서구,9,공항시장,4103,0.1083743842,,
김포차량사업소,강서구,9,신방화,4104,0.1280788177,,
김포차량사업소,강서구,9,마곡나루,4105,0.1502463054,,
김포차량사업소,강서구,9,양천향교,4106,0.184729064,,
김포차량사업소,송파구,9,올림픽공원,4136,0.9334975369,,0.6796041578
김포차량사업소,마포구,9,증미,4108,0.2339901478,,
김포차량사업소,동작구,9,동작,4120,0.5541871921,,
김포차량사업소,강동구,9,중앙보훈병원,4138,1,,0.4074586191